name;created_by;last_modified_by
welcome;system;system
getting-started;system;system
audit;system;system
tracking;system;system
liquibase;system;system
data;system;system
mapstruct;system;system
dto;system;system
springdoc;system;system
openapi;system;system
h2;system;system
tooling;system;system
pagination;system;system
performance;system;system
headers;system;system
rest;system;system
update;system;system
delete;system;system
concurrency;system;system
service;system;system
validation;system;system
requests;system;system
auditing;system;system
defaults;system;system
config;system;system
swagger;system;system
docs;system;system
id;system;system
sequence;system;system
seed;system;system
records;system;system
network;system;system
